canonical,synonym
Trioxsalen,Trioxsalen
Aminolevulinic acid,Aminolevulinic acid
Titanium dioxide,Titanium dioxide
Tiaprofenic acid,Tiaprofenic acid
Cyamemazine,Cyamemazine
Temoporfin,Temoporfin
Methoxsalen,Methoxsalen
Hexaminolevulinate,Hexaminolevulinate
Benzophenone,Benzophenone
Riboflavin,Riboflavin
Carprofen,Carprofen
Cyclophosphamide,Cyclophosphamide
Paclitaxel,Paclitaxel
Docetaxel,Docetaxel
Cabazitaxel,Cabazitaxel
Sulpiride,Sulpiride
Rifabutin,Rifabutin
Phenytoin,Phenytoin
Rifampicin,Rifampicin
Fosphenytoin,Fosphenytoin
Carbamazepine,Carbamazepine
Primidone,Primidone
Phenobarbital,Phenobarbital
Pentobarbital,Pentobarbital
Nevirapine,Nevirapine
Rifapentine,Rifapentine
Rifaximin,Rifaximin
Bosentan,Bosentan
Lumacaftor,Lumacaftor
Silodosin,Silodosin
Edoxaban,Edoxaban
Anagrelide,Anagrelide
Carboplatin,Carboplatin
Etacrynic acid,Etacrynic acid
Pirlindole,Pirlindole
Procarbazine,Procarbazine
Acarbose,Acarbose
Sunitinib,Sunitinib
Lanreotide,Lanreotide
Brimonidine,Brimonidine
Imatinib,Imatinib
Crizotinib,Crizotinib
Mitotane,Mitotane
Dienogest,Dienogest
Olaparib,Olaparib
Rucaparib,Rucaparib
Prednisolone,Prednisolone
Midostaurin,Midostaurin
Medroxyprogesterone acetate,Medroxyprogesterone acetate
Bortezomib,Bortezomib
Panobinostat,Panobinostat
Betaxolol,Betaxolol
Enzalutamide,Enzalutamide
Abiraterone,Abiraterone
Diethylstilbestrol,Diethylstilbestrol
Nilotinib,Nilotinib
Dexamethasone,Dexamethasone
Letrozole,Letrozole
Norfloxacin,Norfloxacin
Miltefosine,Miltefosine
Trimetrexate,Trimetrexate
Amphotericin B,Amphotericin B
Sirolimus,Sirolimus
Alprenolol,Alprenolol
Timolol,Timolol
Atenolol,Atenolol
Bupranolol,Bupranolol
Celiprolol,Celiprolol
Oxprenolol,Oxprenolol
Metoprolol,Metoprolol
Bopindolol,Bopindolol
Esmolol,Esmolol
Pentostatin,Pentostatin
Reserpine,Reserpine
Thalidomide,Thalidomide
Clonidine,Clonidine
Pomalidomide,Pomalidomide
Furosemide,Furosemide
Torasemide,Torasemide
Bumetanide,Bumetanide
Edrophonium,Edrophonium
Cabergoline,Cabergoline
Moxifloxacin,Moxifloxacin
Pazopanib,Pazopanib
Gemifloxacin,Gemifloxacin
Ciprofloxacin,Ciprofloxacin
Lenvatinib,Lenvatinib
Ofloxacin,Ofloxacin
Toremifene,Toremifene
Arsenic trioxide,Arsenic trioxide
Levofloxacin,Levofloxacin
Goserelin,Goserelin
Vorinostat,Vorinostat
Octreotide,Octreotide
Triptorelin,Triptorelin
Degarelix,Degarelix
Indapamide,Indapamide
Eribulin,Eribulin
Epirubicin,Epirubicin
Streptomycin,Streptomycin
Metrizamide,Metrizamide
Kanamycin,Kanamycin
Idarubicin,Idarubicin
Plicamycin,Plicamycin
Streptozocin,Streptozocin
Tobramycin,Tobramycin
Amrubicin,Amrubicin
Framycetin,Framycetin
Netilmicin,Netilmicin
Amikacin,Amikacin
Valrubicin,Valrubicin
Daunorubicin,Daunorubicin
Ribostamycin,Ribostamycin
Doxorubicin,Doxorubicin
Arbekacin,Arbekacin
Gentamicin,Gentamicin
Paromomycin,Paromomycin
Spectinomycin,Spectinomycin
Prednisone,Prednisone
Methylprednisolone,Methylprednisolone
Formestane,Formestane
Pamidronic acid,Pamidronic acid
Bendroflumethiazide,Bendroflumethiazide
Milnacipran,Milnacipran
Practolol,Practolol
Altretamine,Altretamine
Arotinolol,Arotinolol
Bretylium,Bretylium
Bevantolol,Bevantolol
Chlorthalidone,Chlorthalidone
Tretinoin,Tretinoin
Methyclothiazide,Methyclothiazide
Clofarabine,Clofarabine
Amiloride,Amiloride
Triamterene,Triamterene
Hydrochlorothiazide,Hydrochlorothiazide
Eplerenone,Eplerenone
Hydroflumethiazide,Hydroflumethiazide
Metolazone,Metolazone
Barnidipine,Barnidipine
Chlorothiazide,Chlorothiazide
Quinacrine,Quinacrine
Nelarabine,Nelarabine
Azacitidine,Azacitidine
Ifosfamide,Ifosfamide
Cytarabine,Cytarabine
Lomustine,Lomustine
Tofacitinib,Tofacitinib
Mechlorethamine,Mechlorethamine
Vincristine,Vincristine
Temozolomide,Temozolomide
Busulfan,Busulfan
Vinorelbine,Vinorelbine
Tioguanine,Tioguanine
Mitoxantrone,Mitoxantrone
Fluorouracil,Fluorouracil
Imiquimod,Imiquimod
Oxaliplatin,Oxaliplatin
Pemetrexed,Pemetrexed
Capecitabine,Capecitabine
Fludarabine,Fludarabine
Pralatrexate,Pralatrexate
Etoposide,Etoposide
Ruxolitinib,Ruxolitinib
Melphalan,Melphalan
Sorafenib,Sorafenib
Teniposide,Teniposide
Everolimus,Everolimus
Azathioprine,Azathioprine
Dactinomycin,Dactinomycin
Mitomycin,Mitomycin
Cisplatin,Cisplatin
Carmustine,Carmustine
Hydroxyurea,Hydroxyurea
Cladribine,Cladribine
Ibrutinib,Ibrutinib
Amsacrine,Amsacrine
Vinblastine,Vinblastine
Temsirolimus,Temsirolimus
Thiotepa,Thiotepa
Gemcitabine,Gemcitabine
Chlorambucil,Chlorambucil
Mercaptopurine,Mercaptopurine
Methotrexate,Methotrexate
Bleomycin,Bleomycin
Estramustine,Estramustine
Vindesine,Vindesine
Floxuridine,Floxuridine
Dacarbazine,Dacarbazine
Trabectedin,Trabectedin
Irinotecan,Irinotecan
Gallium nitrate,Gallium nitrate
Topotecan,Topotecan
Tibolone,Tibolone
Polythiazide,Polythiazide
Trichlormethiazide,Trichlormethiazide
Albendazole,Albendazole
Podofilox,Podofilox
Gefitinib,Gefitinib
Lapatinib,Lapatinib
Regorafenib,Regorafenib
Ponatinib,Ponatinib
Paricalcitol,Paricalcitol
Bendamustine,Bendamustine
Axitinib,Axitinib
Flutamide,Flutamide
Nilutamide,Nilutamide
Vismodegib,Vismodegib
Exemestane,Exemestane
Methyltestosterone,Methyltestosterone
Bexarotene,Bexarotene
Venetoclax,Venetoclax
Tamoxifen,Tamoxifen
Cabozantinib,Cabozantinib
Romidepsin,Romidepsin
Fulvestrant,Fulvestrant
Erlotinib,Erlotinib
Hydroxyprogesterone caproate,Hydroxyprogesterone caproate
Dabrafenib,Dabrafenib
Mebendazole,Mebendazole
Bicalutamide,Bicalutamide
Ixabepilone,Ixabepilone
Lomefloxacin,Lomefloxacin
Colchicine,Colchicine
Quinethazone,Quinethazone
Decitabine,Decitabine
Carfilzomib,Carfilzomib
Dexrazoxane,Dexrazoxane
Vitamin A,Vitamin A
Nedaplatin,Nedaplatin
Vinflunine,Vinflunine
Nalidixic acid,Nalidixic acid
Belinostat,Belinostat
Trametinib,Trametinib
Naloxegol,Naloxegol
Anastrozole,Anastrozole
Raltitrexed,Raltitrexed
Bosutinib,Bosutinib
Calcipotriol,Calcipotriol
Cobimetinib,Cobimetinib
Besifloxacin,Besifloxacin
Tegafur,Tegafur
Alitretinoin,Alitretinoin
Pipobroman,Pipobroman
Uracil mustard,Uracil mustard
Alectinib,Alectinib
Testolactone,Testolactone
Eflornithine,Eflornithine
Trovafloxacin,Trovafloxacin
Radium Ra 223 dichloride,Radium Ra 223 dichloride
Nintedanib,Nintedanib
Methyl aminolevulinate,Methyl aminolevulinate
Enoxacin,Enoxacin
Pefloxacin,Pefloxacin
Azelaic acid,Azelaic acid
Cinoxacin,Cinoxacin
Phenylacetic acid,Phenylacetic acid
Sparfloxacin,Sparfloxacin
Niraparib,Niraparib
Vapreotide,Vapreotide
Verteporfin,Verteporfin
Trilostane,Trilostane
Sonidegib,Sonidegib
Cyproterone acetate,Cyproterone acetate
Suramin,Suramin
Iobenguane,Iobenguane
Omacetaxine mepesuccinate,Omacetaxine mepesuccinate
Aminoglutethimide,Aminoglutethimide
Gatifloxacin,Gatifloxacin
Mequinol,Mequinol
Podophyllin,Podophyllin
Megestrol acetate,Megestrol acetate
Fleroxacin,Fleroxacin
Phenylbutyric acid,Phenylbutyric acid
Pixantrone,Pixantrone
Trifluridine,Trifluridine
Medrogestone,Medrogestone
Lycopene,Lycopene
Penicillamine,Penicillamine
Ledipasvir,Ledipasvir
Prucalopride,Prucalopride
Sucralfate,Sucralfate
Deferasirox,Deferasirox
Kaolin,Kaolin
Spironolactone,Spironolactone
Labetalol,Labetalol
Carvedilol,Carvedilol
Mesalazine,Mesalazine
Balsalazide,Balsalazide
Olsalazine,Olsalazine
Resveratrol,Resveratrol
Conivaptan,Conivaptan
Bisoprolol,Bisoprolol
Penbutolol,Penbutolol
Nebivolol,Nebivolol
Acebutolol,Acebutolol
Carteolol,Carteolol
Vandetanib,Vandetanib
Sotalol,Sotalol
Levobunolol,Levobunolol
Pindolol,Pindolol
Metipranolol,Metipranolol
Nadolol,Nadolol
Propranolol,Propranolol
Masoprocol,Masoprocol
Sulindac,Sulindac
Pirfenidone,Pirfenidone
Mycophenolate mofetil,Mycophenolate mofetil
Leflunomide,Leflunomide
Mycophenolic acid,Mycophenolic acid
Lenalidomide,Lenalidomide
Ixazomib,Ixazomib
Ecabet,Ecabet
Afatinib,Afatinib
Diltiazem,Diltiazem
Idelalisib,Idelalisib
Verapamil,Verapamil
Vemurafenib,Vemurafenib
Ceritinib,Ceritinib
Dasatinib,Dasatinib
Palbociclib,Palbociclib
Osimertinib,Osimertinib
Warfarin,Warfarin
Phenprocoumon,Phenprocoumon
Phenindione,Phenindione
Acenocoumarol,Acenocoumarol
Dicoumarol,Dicoumarol
Nafamostat,Nafamostat
Rosiglitazone,Rosiglitazone
Nimesulide,Nimesulide
Acetylsalicylic acid,Acetylsalicylic acid
Diflunisal,Diflunisal
Azelastine,Azelastine
Tranilast,Tranilast
Sulfisoxazole,Sulfisoxazole
Chlorpropamide,Chlorpropamide
Canagliflozin,Canagliflozin
Pentamidine,Pentamidine
Glipizide,Glipizide
Disopyramide,Disopyramide
Tolbutamide,Tolbutamide
Miglitol,Miglitol
Sulfamethoxazole,Sulfamethoxazole
Sitagliptin,Sitagliptin
Dapagliflozin,Dapagliflozin
Alogliptin,Alogliptin
Saxagliptin,Saxagliptin
Sulfadiazine,Sulfadiazine
Nateglinide,Nateglinide
Gliclazide,Gliclazide
Pioglitazone,Pioglitazone
Mifepristone,Mifepristone
Quinine,Quinine
Metformin,Metformin
Tolazamide,Tolazamide
Glimepiride,Glimepiride
Empagliflozin,Empagliflozin
Repaglinide,Repaglinide
Glyburide,Glyburide
Bromocriptine,Bromocriptine
Seratrodast,Seratrodast
Chloroquine,Chloroquine
Celecoxib,Celecoxib
Salicylic acid,Salicylic acid
Naftifine,Naftifine
Fluticasone propionate,Fluticasone propionate
Magnesium sulfate,Magnesium sulfate
Olopatadine,Olopatadine
Fluticasone furoate,Fluticasone furoate
Prasterone,Prasterone
Diflorasone,Diflorasone
Flumethasone,Flumethasone
Desoximetasone,Desoximetasone
Mometasone,Mometasone
Clobetasol propionate,Clobetasol propionate
Estrone,Estrone
Difluprednate,Difluprednate
Fluprednidene,Fluprednidene
Beclomethasone dipropionate,Beclomethasone dipropionate
Tixocortol,Tixocortol
Fluocinonide,Fluocinonide
Ciclesonide,Ciclesonide
Cortisone acetate,Cortisone acetate
Alclometasone,Alclometasone
Fludrocortisone,Fludrocortisone
Flunisolide,Flunisolide
Triamcinolone,Triamcinolone
Fluocinolone acetonide,Fluocinolone acetonide
Paramethasone,Paramethasone
Prednicarbate,Prednicarbate
Rimexolone,Rimexolone
Betamethasone,Betamethasone
Deflazacort,Deflazacort
Desonide,Desonide
Amcinonide,Amcinonide
Estrone sulfate,Estrone sulfate
Equilin,Equilin
Ulobetasol,Ulobetasol
Loteprednol,Loteprednol
Halcinonide,Halcinonide
Fluocortolone,Fluocortolone
Flurandrenolide,Flurandrenolide
Budesonide,Budesonide
Difluocortolone,Difluocortolone
Medrysone,Medrysone
Clocortolone,Clocortolone
Hydrocortisone,Hydrocortisone
Fluorometholone,Fluorometholone
Clobetasone,Clobetasone
Fenbufen,Fenbufen
Meclofenamic acid,Meclofenamic acid
Lumiracoxib,Lumiracoxib
Tolmetin,Tolmetin
Tenoxicam,Tenoxicam
Choline magnesium trisalicylate,Choline magnesium trisalicylate
Etoricoxib,Etoricoxib
Suprofen,Suprofen
Flurbiprofen,Flurbiprofen
Indomethacin,Indomethacin
Oxyphenbutazone,Oxyphenbutazone
Icatibant,Icatibant
Alclofenac,Alclofenac
Etodolac,Etodolac
Droxicam,Droxicam
Apremilast,Apremilast
Tolfenamic acid,Tolfenamic acid
Lornoxicam,Lornoxicam
Bromfenac,Bromfenac
Propacetamol,Propacetamol
Parecoxib,Parecoxib
Phenylbutazone,Phenylbutazone
Acemetacin,Acemetacin
Teriflunomide,Teriflunomide
Nabumetone,Nabumetone
Epirizole,Epirizole
Ketorolac,Ketorolac
Salsalate,Salsalate
Aceclofenac,Aceclofenac
Niflumic acid,Niflumic acid
Zaltoprofen,Zaltoprofen
Naproxen,Naproxen
Pimecrolimus,Pimecrolimus
Antipyrine,Antipyrine
Meloxicam,Meloxicam
Clonixin,Clonixin
Piroxicam,Piroxicam
Fenoprofen,Fenoprofen
Oxaprozin,Oxaprozin
Salicylamide,Salicylamide
Loxoprofen,Loxoprofen
Zileuton,Zileuton
Floctafenine,Floctafenine
Ibuprofen,Ibuprofen
Etofenamate,Etofenamate
Diclofenac,Diclofenac
Nepafenac,Nepafenac
Sulfasalazine,Sulfasalazine
Benzydamine,Benzydamine
Ketoprofen,Ketoprofen
Mefenamic acid,Mefenamic acid
Adapalene,Adapalene
Magnesium salicylate,Magnesium salicylate
Quinapril,Quinapril
Ribociclib,Ribociclib
Theophylline,Theophylline
Dyphylline,Dyphylline
Aminophylline,Aminophylline
Varenicline,Varenicline
Iron sucrose,Iron sucrose
Iron,Iron
Ferric pyrophosphate,Ferric pyrophosphate
Lanthanum carbonate,Lanthanum carbonate
Strontium ranelate,Strontium ranelate
Quinidine,Quinidine
Lopinavir,Lopinavir
Ubidecarenone,Ubidecarenone
Ranolazine,Ranolazine
Citalopram,Citalopram
Amiodarone,Amiodarone
Clarithromycin,Clarithromycin
Ziprasidone,Ziprasidone
Dronedarone,Dronedarone
Lumefantrine,Lumefantrine
Fluoxetine,Fluoxetine
Artemether,Artemether
Eliglustat,Eliglustat
Saquinavir,Saquinavir
Lovastatin,Lovastatin
Dihydroergotamine,Dihydroergotamine
Tetrabenazine,Tetrabenazine
Pimozide,Pimozide
Asenapine,Asenapine
Quetiapine,Quetiapine
Iloperidone,Iloperidone
Paliperidone,Paliperidone
Flupentixol,Flupentixol
Zuclopenthixol,Zuclopenthixol
Thioridazine,Thioridazine
Lisuride,Lisuride
Ergometrine,Ergometrine
Methylergometrine,Methylergometrine
Ergotamine,Ergotamine
Pergolide,Pergolide
Domperidone,Domperidone
Dofetilide,Dofetilide
Cisapride,Cisapride
Telavancin,Telavancin
Bedaquiline,Bedaquiline
Ibutilide,Ibutilide
Propafenone,Propafenone
Flecainide,Flecainide
Procainamide,Procainamide
Escitalopram,Escitalopram
Tacrolimus,Tacrolimus
Rilpivirine,Rilpivirine
Nicergoline,Nicergoline
Pravastatin,Pravastatin
Simvastatin,Simvastatin
Pitavastatin,Pitavastatin
Fluvastatin,Fluvastatin
Rosuvastatin,Rosuvastatin
Methysergide,Methysergide
Tolvaptan,Tolvaptan
Methadone,Methadone
Haloperidol,Haloperidol
Telithromycin,Telithromycin
Erythromycin,Erythromycin
Cyclosporine,Cyclosporine
Clozapine,Clozapine
Chlorpromazine,Chlorpromazine
Promazine,Promazine
Azithromycin,Azithromycin
Tizanidine,Tizanidine
Ondansetron,Ondansetron
Droperidol,Droperidol
Gadobenic acid,Gadobenic acid
Perflutren,Perflutren
Granisetron,Granisetron
Primaquine,Primaquine
Dolasetron,Dolasetron
Caffeine,Caffeine
Nitrofurantoin,Nitrofurantoin
Trimethaphan,Trimethaphan
Thiamylal,Thiamylal
Aprepitant,Aprepitant
Methylphenobarbital,Methylphenobarbital
Amobarbital,Amobarbital
Secobarbital,Secobarbital
Methohexital,Methohexital
Hexobarbital,Hexobarbital
Thiopental,Thiopental
Tamsulosin,Tamsulosin
Alfuzosin,Alfuzosin
Trolamine salicylate,Trolamine salicylate
Cilostazol,Cilostazol
Methyl salicylate,Methyl salicylate
Aminosalicylic acid,Aminosalicylic acid
Iloprost,Iloprost
Sevoflurane,Sevoflurane
Pentoxifylline,Pentoxifylline
Selegiline,Selegiline
Minaprine,Minaprine
Isocarboxazid,Isocarboxazid
Bambuterol,Bambuterol
Amphetamine,Amphetamine
Moclobemide,Moclobemide
Rasagiline,Rasagiline
Tranylcypromine,Tranylcypromine
Phenelzine,Phenelzine
Furazolidone,Furazolidone
Pargyline,Pargyline
Toloxatone,Toloxatone
Methylene blue,Methylene blue
Vardenafil,Vardenafil
Sildenafil,Sildenafil
Tadalafil,Tadalafil
Avanafil,Avanafil
Udenafil,Udenafil
Buprenorphine,Buprenorphine
Imipramine,Imipramine
Ropinirole,Ropinirole
Clomipramine,Clomipramine
Butorphanol,Butorphanol
Hydrocodone,Hydrocodone
Ethylmorphine,Ethylmorphine
Bupivacaine,Bupivacaine
Tapentadol,Tapentadol
Hydromorphone,Hydromorphone
Dextropropoxyphene,Dextropropoxyphene
Isoflurane,Isoflurane
Tolcapone,Tolcapone
Halothane,Halothane
Levorphanol,Levorphanol
Levobupivacaine,Levobupivacaine
Fentanyl,Fentanyl
Pipamperone,Pipamperone
Meperidine,Meperidine
Propofol,Propofol
Nabilone,Nabilone
Dezocine,Dezocine
Methadyl acetate,Methadyl acetate
Ropivacaine,Ropivacaine
Alfentanil,Alfentanil
Diamorphine,Diamorphine
Sufentanil,Sufentanil
Normethadone,Normethadone
Nalbuphine,Nalbuphine
Remifentanil,Remifentanil
Oxycodone,Oxycodone
Tramadol,Tramadol
Ketobemidone,Ketobemidone
Diphenoxylate,Diphenoxylate
Oxymorphone,Oxymorphone
Codeine,Codeine
Aripiprazole,Aripiprazole
Levacetylmethadol,Levacetylmethadol
Pentazocine,Pentazocine
Morphine,Morphine
Desflurane,Desflurane
Dihydrocodeine,Dihydrocodeine
Apomorphine,Apomorphine
Ivabradine,Ivabradine
Indacaterol,Indacaterol
Salmeterol,Salmeterol
Salbutamol,Salbutamol
Foscarnet,Foscarnet
Terbutaline,Terbutaline
Vilanterol,Vilanterol
Norepinephrine,Norepinephrine
Dipivefrin,Dipivefrin
Bethanidine,Bethanidine
Epinephrine,Epinephrine
Droxidopa,Droxidopa
Moxonidine,Moxonidine
Sacubitril,Sacubitril
Carbetocin,Carbetocin
Candesartan cilexetil,Candesartan cilexetil
Nitrous acid,Nitrous acid
Cilnidipine,Cilnidipine
Valsartan,Valsartan
Levosimendan,Levosimendan
Rotigotine,Rotigotine
Fimasartan,Fimasartan
Pramipexole,Pramipexole
Nitric Oxide,Nitric Oxide
Ramipril,Ramipril
Nicorandil,Nicorandil
Remikiren,Remikiren
Debrisoquine,Debrisoquine
Diazoxide,Diazoxide
Clenbuterol,Clenbuterol
Formoterol,Formoterol
Arformoterol,Arformoterol
Dobutamine,Dobutamine
Olodaterol,Olodaterol
Fenoterol,Fenoterol
Orciprenaline,Orciprenaline
Isoprenaline,Isoprenaline
Ritodrine,Ritodrine
Phenylpropanolamine,Phenylpropanolamine
Probenecid,Probenecid
Procaterol,Procaterol
Levosalbutamol,Levosalbutamol
"Sodium phosphate, monobasic","Sodium phosphate, monobasic"
Molsidomine,Molsidomine
Pirbuterol,Pirbuterol
Arbutamine,Arbutamine
Isoetharine,Isoetharine
Mecamylamine,Mecamylamine
Doxazosin,Doxazosin
Prazosin,Prazosin
Epoprostenol,Epoprostenol
Isradipine,Isradipine
Nicardipine,Nicardipine
Nilvadipine,Nilvadipine
Amlodipine,Amlodipine
Dexmedetomidine,Dexmedetomidine
Bepridil,Bepridil
Moexipril,Moexipril
Lofexidine,Lofexidine
Nitroglycerin,Nitroglycerin
Olmesartan,Olmesartan
Nitroprusside,Nitroprusside
Mannitol,Mannitol
Isosorbide dinitrate,Isosorbide dinitrate
Lisinopril,Lisinopril
Nimodipine,Nimodipine
Minoxidil,Minoxidil
Enalapril,Enalapril
Eprosartan,Eprosartan
Lacidipine,Lacidipine
Nisoldipine,Nisoldipine
Amifostine,Amifostine
Phenoxybenzamine,Phenoxybenzamine
Lercanidipine,Lercanidipine
Fenoldopam,Fenoldopam
Fosinopril,Fosinopril
Tolazoline,Tolazoline
Trandolapril,Trandolapril
Nitrendipine,Nitrendipine
Phentolamine,Phentolamine
Losartan,Losartan
Perindopril,Perindopril
Efonidipine,Efonidipine
Methazolamide,Methazolamide
Benazepril,Benazepril
Aliskiren,Aliskiren
Dexketoprofen,Dexketoprofen
Bismuth subcitrate potassium,Bismuth subcitrate potassium
Tromethamine,Tromethamine
Aluminium,Aluminium
Magnesium hydroxide,Magnesium hydroxide
Calcium carbonate,Calcium carbonate
Aluminum hydroxide,Aluminum hydroxide
Almasilate,Almasilate
Magnesium trisilicate,Magnesium trisilicate
Magnesium oxide,Magnesium oxide
Pantoprazole,Pantoprazole
Dexlansoprazole,Dexlansoprazole
Lansoprazole,Lansoprazole
Esomeprazole,Esomeprazole
Rabeprazole,Rabeprazole
Omeprazole,Omeprazole
Calcium citrate,Calcium citrate
Calcium lactate,Calcium lactate
Calcium glubionate anhydrous,Calcium glubionate anhydrous
Calcium chloride,Calcium chloride
Calcium acetate,Calcium acetate
Calcium glucoheptonate,Calcium glucoheptonate
Calcium gluconate,Calcium gluconate
Calcium Phosphate,Calcium Phosphate
Apixaban,Apixaban
Rivaroxaban,Rivaroxaban
Argatroban,Argatroban
Bivalirudin,Bivalirudin
Dabigatran etexilate,Dabigatran etexilate
Edetic acid,Edetic acid
Fondaparinux,Fondaparinux
Pentaerythritol tetranitrate,Pentaerythritol tetranitrate
Ximelagatran,Ximelagatran
Citric acid,Citric acid
Pentosan polysulfate,Pentosan polysulfate
Protocatechualdehyde,Protocatechualdehyde
Drospirenone,Drospirenone
Lithium cation,Lithium cation
Digoxin,Digoxin
Telmisartan,Telmisartan
Cilazapril,Cilazapril
Enalaprilat,Enalaprilat
Hydralazine,Hydralazine
Azilsartan medoxomil,Azilsartan medoxomil
Captopril,Captopril
Irbesartan,Irbesartan
Rescinnamine,Rescinnamine
Spirapril,Spirapril
Treprostinil,Treprostinil
Tasosartan,Tasosartan
Talniflumate,Talniflumate
Morniflumate,Morniflumate
Vancomycin,Vancomycin
Betrixaban,Betrixaban
Fluvoxamine,Fluvoxamine
Desipramine,Desipramine
Ranitidine,Ranitidine
Dexfenfluramine,Dexfenfluramine
Duloxetine,Duloxetine
Menadione,Menadione
Diphenhydramine,Diphenhydramine
Ritonavir,Ritonavir
Trifluoperazine,Trifluoperazine
Melatonin,Melatonin
Stiripentol,Stiripentol
Maprotiline,Maprotiline
Olanzapine,Olanzapine
Thiothixene,Thiothixene
Flunarizine,Flunarizine
Malathion,Malathion
Rizatriptan,Rizatriptan
Frovatriptan,Frovatriptan
Zolmitriptan,Zolmitriptan
Ibandronate,Ibandronate
Zoledronic acid,Zoledronic acid
Risedronic acid,Risedronic acid
Tiludronic acid,Tiludronic acid
Technetium Tc-99m medronate,Technetium Tc-99m medronate
Alendronic acid,Alendronic acid
Etidronic acid,Etidronic acid
Clodronic acid,Clodronic acid
Guanabenz,Guanabenz
Clevidipine,Clevidipine
Amodiaquine,Amodiaquine
Riluzole,Riluzole
Oxtriphylline,Oxtriphylline
Cinnarizine,Cinnarizine
Eltrombopag,Eltrombopag
Theobromine,Theobromine
Hesperetin,Hesperetin
Tazarotene,Tazarotene
Thiabendazole,Thiabendazole
Ombitasvir,Ombitasvir
Dinoprostone,Dinoprostone
Tolperisone,Tolperisone
Sodium bicarbonate,Sodium bicarbonate
Magaldrate,Magaldrate
Nafcillin,Nafcillin
Griseofulvin,Griseofulvin
Linagliptin,Linagliptin
Vildagliptin,Vildagliptin
Fosamprenavir,Fosamprenavir
Cobicistat,Cobicistat
Clobazam,Clobazam
Topiramate,Topiramate
Eslicarbazepine acetate,Eslicarbazepine acetate
Armodafinil,Armodafinil
Tipranavir,Tipranavir
Boceprevir,Boceprevir
Modafinil,Modafinil
Flibanserin,Flibanserin
Felbamate,Felbamate
Oxcarbazepine,Oxcarbazepine
Isoflurophate,Isoflurophate
Elvitegravir,Elvitegravir
Amprenavir,Amprenavir
Cilastatin,Cilastatin
Asunaprevir,Asunaprevir
Acitretin,Acitretin
Tipiracil,Tipiracil
Isotretinoin,Isotretinoin
Tranexamic acid,Tranexamic acid
Amoxapine,Amoxapine
Roflumilast,Roflumilast
Brigatinib,Brigatinib
Methimazole,Methimazole
Carbimazole,Carbimazole
Atracurium besylate,Atracurium besylate
Terazosin,Terazosin
Dipyridamole,Dipyridamole
Cangrelor,Cangrelor
Ticlopidine,Ticlopidine
Ditazole,Ditazole
Tirofiban,Tirofiban
Triflusal,Triflusal
Ticagrelor,Ticagrelor
Selexipag,Selexipag
Vorapaxar,Vorapaxar
Prasugrel,Prasugrel
Icosapent ethyl,Icosapent ethyl
Trapidil,Trapidil
Ifenprodil,Ifenprodil
Voriconazole,Voriconazole
Itraconazole,Itraconazole
Clotrimazole,Clotrimazole
Ketoconazole,Ketoconazole
Posaconazole,Posaconazole
Efavirenz,Efavirenz
Miconazole,Miconazole
Terbinafine,Terbinafine
Ciclopirox,Ciclopirox
Micafungin,Micafungin
Tolnaftate,Tolnaftate
Caspofungin,Caspofungin
Thymol,Thymol
Tavaborole,Tavaborole
Isoconazole,Isoconazole
Sulconazole,Sulconazole
Haloprogin,Haloprogin
Flucytosine,Flucytosine
Anidulafungin,Anidulafungin
Chloroxine,Chloroxine
Nitroxoline,Nitroxoline
Natamycin,Natamycin
Nystatin,Nystatin
Efinaconazole,Efinaconazole
Tioconazole,Tioconazole
Terconazole,Terconazole
Benzoic acid,Benzoic acid
Bifonazole,Bifonazole
Sertaconazole,Sertaconazole
Cerulenin,Cerulenin
Hexetidine,Hexetidine
Butenafine,Butenafine
Econazole,Econazole
Butoconazole,Butoconazole
Oxiconazole,Oxiconazole
Mivacurium,Mivacurium
Diethylpropion,Diethylpropion
Phentermine,Phentermine
Hydroxyamphetamine,Hydroxyamphetamine
Lisdexamfetamine,Lisdexamfetamine
Dextroamphetamine,Dextroamphetamine
Benzphetamine,Benzphetamine
Metamfetamine,Metamfetamine
Pseudoephedrine,Pseudoephedrine
Mephentermine,Mephentermine
Clopidogrel,Clopidogrel
Ibudilast,Ibudilast
Tesamorelin,Tesamorelin
Cyproheptadine,Cyproheptadine
Orphenadrine,Orphenadrine
Glutethimide,Glutethimide
Pregabalin,Pregabalin
Proparacaine,Proparacaine
Prochlorperazine,Prochlorperazine
Suvorexant,Suvorexant
Ethanol,Ethanol
Zolpidem,Zolpidem
Methotrimeprazine,Methotrimeprazine
Dexbrompheniramine,Dexbrompheniramine
Mirtazapine,Mirtazapine
Meprobamate,Meprobamate
Estazolam,Estazolam
Fospropofol,Fospropofol
Melperone,Melperone
Lormetazepam,Lormetazepam
Paraldehyde,Paraldehyde
Trazodone,Trazodone
Fluphenazine,Fluphenazine
Buspirone,Buspirone
Halazepam,Halazepam
Clorazepic acid,Clorazepic acid
Alprazolam,Alprazolam
Amisulpride,Amisulpride
Entacapone,Entacapone
Lorazepam,Lorazepam
Chlorzoxazone,Chlorzoxazone
Tetracaine,Tetracaine
Methocarbamol,Methocarbamol
Nitrous oxide,Nitrous oxide
Etomidate,Etomidate
Propoxycaine,Propoxycaine
Prilocaine,Prilocaine
Acepromazine,Acepromazine
Remoxipride,Remoxipride
Mepivacaine,Mepivacaine
Cocaine,Cocaine
gamma-Hydroxybutyric acid,gamma-Hydroxybutyric acid
Ethyl loflazepate,Ethyl loflazepate
Cetirizine,Cetirizine
Molindone,Molindone
Flurazepam,Flurazepam
Enflurane,Enflurane
Trichloroethylene,Trichloroethylene
Zotepine,Zotepine
Ketamine,Ketamine
Oxybuprocaine,Oxybuprocaine
Protriptyline,Protriptyline
Lamotrigine,Lamotrigine
Mesoridazine,Mesoridazine
Butamben,Butamben
Oxetacaine,Oxetacaine
Butalbital,Butalbital
Brotizolam,Brotizolam
Agomelatine,Agomelatine
Pramocaine,Pramocaine
Sertindole,Sertindole
Triazolam,Triazolam
Perospirone,Perospirone
Vortioxetine,Vortioxetine
Triprolidine,Triprolidine
Nortriptyline,Nortriptyline
Dyclonine,Dyclonine
Cyclobenzaprine,Cyclobenzaprine
Gabapentin,Gabapentin
Temazepam,Temazepam
Aceprometazine,Aceprometazine
Triflupromazine,Triflupromazine
Ketazolam,Ketazolam
Ethchlorvynol,Ethchlorvynol
Diazepam,Diazepam
Chloral hydrate,Chloral hydrate
Perphenazine,Perphenazine
Flunitrazepam,Flunitrazepam
Cinchocaine,Cinchocaine
Chlorprothixene,Chlorprothixene
Carisoprodol,Carisoprodol
Loratadine,Loratadine
Zaleplon,Zaleplon
Valproic acid,Valproic acid
Fludiazepam,Fludiazepam
Nitrazepam,Nitrazepam
Etidocaine,Etidocaine
Tiapride,Tiapride
Benzocaine,Benzocaine
Articaine,Articaine
Butobarbital,Butobarbital
Dapiprazole,Dapiprazole
Quazepam,Quazepam
Oxazepam,Oxazepam
Etizolam,Etizolam
Bromazepam,Bromazepam
Eszopiclone,Eszopiclone
Lurasidone,Lurasidone
Chlormezanone,Chlormezanone
Risperidone,Risperidone
Prazepam,Prazepam
Chloroprocaine,Chloroprocaine
Baclofen,Baclofen
Loxapine,Loxapine
Butabarbital,Butabarbital
Lidocaine,Lidocaine
Procaine,Procaine
Zopiclone,Zopiclone
Amitriptyline,Amitriptyline
Fencamfamin,Fencamfamin
Benzyl alcohol,Benzyl alcohol
Fluspirilene,Fluspirilene
Chlordiazepoxide,Chlordiazepoxide
Midazolam,Midazolam
Methoxyflurane,Methoxyflurane
Rufinamide,Rufinamide
Estradiol,Estradiol
Mestranol,Mestranol
Ethinylestradiol,Ethinylestradiol
Dienestrol,Dienestrol
Quinestrol,Quinestrol
Estriol,Estriol
Nefazodone,Nefazodone
Venlafaxine,Venlafaxine
Dosulepin,Dosulepin
Paroxetine,Paroxetine
Sertraline,Sertraline
Trimipramine,Trimipramine
Doxepin,Doxepin
Desvenlafaxine,Desvenlafaxine
Levomilnacipran,Levomilnacipran
Tianeptine,Tianeptine
Demeclocycline,Demeclocycline
Metyrapone,Metyrapone
Phenylephrine,Phenylephrine
Liotrix,Liotrix
Liothyronine,Liothyronine
Cimetidine,Cimetidine
Benzylpenicillin,Benzylpenicillin
Activated charcoal,Activated charcoal
Carbinoxamine,Carbinoxamine
Brompheniramine,Brompheniramine
Zidovudine,Zidovudine
Sumatriptan,Sumatriptan
Halofantrine,Halofantrine
Riociguat,Riociguat
Trimethoprim,Trimethoprim
Ambrisentan,Ambrisentan
Loperamide,Loperamide
Velpatasvir,Velpatasvir
Cephalexin,Cephalexin
Sulfinpyrazone,Sulfinpyrazone
Dextromethorphan,Dextromethorphan
Dasabuvir,Dasabuvir
Abemaciclib,Abemaciclib
Letermovir,Letermovir
Zafirlukast,Zafirlukast
Testosterone,Testosterone
Paramethadione,Paramethadione
Safinamide,Safinamide
Naloxone,Naloxone
Zalcitabine,Zalcitabine
Baricitinib,Baricitinib
Ivermectin,Ivermectin
Trimethadione,Trimethadione
Grazoprevir,Grazoprevir
Voxilaprevir,Voxilaprevir
Dapsone,Dapsone
Folic acid,Folic acid
Copanlisib,Copanlisib
Atorvastatin,Atorvastatin
Eluxadoline,Eluxadoline
Simeprevir,Simeprevir
Aminohippuric acid,Aminohippuric acid
Stavudine,Stavudine
Lamivudine,Lamivudine
Ezetimibe,Ezetimibe
Ouabain,Ouabain
Sofosbuvir,Sofosbuvir
Cholic Acid,Cholic Acid
Adefovir dipivoxil,Adefovir dipivoxil
Cefazolin,Cefazolin
Cefacetrile,Cefacetrile
Pibrentasvir,Pibrentasvir
Levomenol,Levomenol
Dolutegravir,Dolutegravir
Glecaprevir,Glecaprevir
Technetium Tc-99m mebrofenin,Technetium Tc-99m mebrofenin
Acyclovir,Acyclovir
Gadoxetic acid,Gadoxetic acid
Didanosine,Didanosine
Delafloxacin,Delafloxacin
Cidofovir,Cidofovir
Umeclidinium,Umeclidinium
Mequitazine,Mequitazine
Tiotropium,Tiotropium
Glycopyrronium,Glycopyrronium
Ipratropium,Ipratropium
Benzatropine,Benzatropine
Epinastine,Epinastine
Phenformin,Phenformin
Nicotine,Nicotine
Lorcaserin,Lorcaserin
Chlorpheniramine,Chlorpheniramine
Brexpiprazole,Brexpiprazole
Pipotiazine,Pipotiazine
Levodopa,Levodopa
Amantadine,Amantadine
Donepezil,Donepezil
Metoclopramide,Metoclopramide
Vilazodone,Vilazodone
Almotriptan,Almotriptan
Eletriptan,Eletriptan
Naratriptan,Naratriptan
Astemizole,Astemizole
Ajmaline,Ajmaline
Nifedipine,Nifedipine
Rupatadine,Rupatadine
Vernakalant,Vernakalant
Methyprylon,Methyprylon
Aminophenazone,Aminophenazone
Encainide,Encainide
Nitrofural,Nitrofural
Cariprazine,Cariprazine
Enasidenib,Enasidenib
Cevimeline,Cevimeline
Mianserin,Mianserin
Valbenazine,Valbenazine
Progesterone,Progesterone
Deutetrabenazine,Deutetrabenazine
Dexchlorpheniramine maleate,Dexchlorpheniramine maleate
Acetaminophen,Acetaminophen
Dopamine,Dopamine
Piperazine,Piperazine
Palonosetron,Palonosetron
Perhexiline,Perhexiline
Yohimbine,Yohimbine
Dexmethylphenidate,Dexmethylphenidate
Acetylcholine,Acetylcholine
Aprindine,Aprindine
Linezolid,Linezolid
Tedizolid phosphate,Tedizolid phosphate
Ampicillin,Ampicillin
Amoxicillin,Amoxicillin
Oxacillin,Oxacillin
Procaine benzylpenicillin,Procaine benzylpenicillin
Phenoxymethylpenicillin,Phenoxymethylpenicillin
Dicloxacillin,Dicloxacillin
Succinylcholine,Succinylcholine
Levonordefrin,Levonordefrin
Midodrine,Midodrine
Trolamine,Trolamine
Oxilofrine,Oxilofrine
Carbamoylcholine,Carbamoylcholine
Choline,Choline
Cinacalcet,Cinacalcet
Darunavir,Darunavir
Bupropion,Bupropion
Ramelteon,Ramelteon
Proguanil,Proguanil
Alosetron,Alosetron
Mexiletine,Mexiletine
Icotinib,Icotinib
Praziquantel,Praziquantel
Pyrazinamide,Pyrazinamide
Ulipristal,Ulipristal
Methantheline,Methantheline
Promethazine,Promethazine
Famotidine,Famotidine
Roxatidine acetate,Roxatidine acetate
Nizatidine,Nizatidine
Carboprost tromethamine,Carboprost tromethamine
Guanfacine,Guanfacine
Guanadrel,Guanadrel
Pentolinium,Pentolinium
Xylometazoline,Xylometazoline
Methyldopa,Methyldopa
Felodipine,Felodipine
Bimatoprost,Bimatoprost
Travoprost,Travoprost
Cyclothiazide,Cyclothiazide
Guanethidine,Guanethidine
Latanoprost,Latanoprost
Dorzolamide,Dorzolamide
Terlipressin,Terlipressin
Apraclonidine,Apraclonidine
Ergocalciferol,Ergocalciferol
Calcifediol,Calcifediol
Doxercalciferol,Doxercalciferol
Dihydrotachysterol,Dihydrotachysterol
Allopurinol,Allopurinol
Milrinone,Milrinone
Ridogrel,Ridogrel
Alprostadil,Alprostadil
Limaprost,Limaprost
Gliquidone,Gliquidone
Glisoxepide,Glisoxepide
Cyclacillin,Cyclacillin
Bacampicillin,Bacampicillin
Meticillin,Meticillin
Carbenicillin,Carbenicillin
Tazobactam,Tazobactam
Ticarcillin,Ticarcillin
Flucloxacillin,Flucloxacillin
Pivmecillinam,Pivmecillinam
Sulbactam,Sulbactam
Mezlocillin,Mezlocillin
Pivampicillin,Pivampicillin
Piperacillin,Piperacillin
Azlocillin,Azlocillin
Azidocillin,Azidocillin
Cloxacillin,Cloxacillin
Cefotetan,Cefotetan
Ganciclovir,Ganciclovir
Valganciclovir,Valganciclovir
Cefuroxime,Cefuroxime
Rosoxacin,Rosoxacin
Cefpodoxime,Cefpodoxime
Cephaloglycin,Cephaloglycin
Cefonicid,Cefonicid
Cefalotin,Cefalotin
Ceftazidime,Ceftazidime
Ceforanide,Ceforanide
Cefradine,Cefradine
Cefapirin,Cefapirin
Ertapenem,Ertapenem
Meropenem,Meropenem
Cefaloridine,Cefaloridine
Cefmenoxime,Cefmenoxime
Cefixime,Cefixime
Ceftobiprole,Ceftobiprole
Cefoperazone,Cefoperazone
Cefoxitin,Cefoxitin
Cefaclor,Cefaclor
Cefamandole,Cefamandole
Imipenem,Imipenem
Cefadroxil,Cefadroxil
Cefotiam,Cefotiam
Ceftizoxime,Ceftizoxime
Cefotaxime,Cefotaxime
Cefmetazole,Cefmetazole
Avibactam,Avibactam
Ceftriaxone,Ceftriaxone
Doripenem,Doripenem
Manidipine,Manidipine
Macitentan,Macitentan
Metyrosine,Metyrosine
Unoprostone,Unoprostone
Deserpidine,Deserpidine
Sitaxentan,Sitaxentan
Ioflupane I-123,Ioflupane I-123
Periciazine,Periciazine
Thioproperazine,Thioproperazine
Acetophenazine,Acetophenazine
Troleandomycin,Troleandomycin
Fomepizole,Fomepizole
Isoniazid,Isoniazid
Clomifene,Clomifene
Ezogabine,Ezogabine
Pilocarpine,Pilocarpine
Clofibrate,Clofibrate
Memantine,Memantine
Sulfaphenazole,Sulfaphenazole
Alimemazine,Alimemazine
Moricizine,Moricizine
Tolterodine,Tolterodine
Darifenacin,Darifenacin
Oxybutynin,Oxybutynin
Levothyroxine,Levothyroxine
Telaprevir,Telaprevir
Indinavir,Indinavir
Levonorgestrel,Levonorgestrel
Atazanavir,Atazanavir
Isavuconazonium,Isavuconazonium
Etravirine,Etravirine
Rolapitant,Rolapitant
Etonogestrel,Etonogestrel
Cholecalciferol,Cholecalciferol
Norgestrel,Norgestrel
Ethosuximide,Ethosuximide
Clonazepam,Clonazepam
Zonisamide,Zonisamide
Tiagabine,Tiagabine
Dantrolene,Dantrolene
Levocetirizine,Levocetirizine
Fesoterodine,Fesoterodine
Perampanel,Perampanel
Isosorbide mononitrate,Isosorbide mononitrate
Clotiazepam,Clotiazepam
Spiramycin,Spiramycin
Montelukast,Montelukast
Adinazolam,Adinazolam
Tinidazole,Tinidazole
Neratinib,Neratinib
Tetracycline,Tetracycline
Chenodeoxycholic acid,Chenodeoxycholic acid
Roxithromycin,Roxithromycin
Daclatasvir,Daclatasvir
Raloxifene,Raloxifene
Allylestrenol,Allylestrenol
Elbasvir,Elbasvir
Retapamulin,Retapamulin
Rimonabant,Rimonabant
Bezafibrate,Bezafibrate
Brivaracetam,Brivaracetam
Disulfiram,Disulfiram
Ospemifene,Ospemifene
Metronidazole,Metronidazole
Norethisterone,Norethisterone
Famciclovir,Famciclovir
Histamine,Histamine
Brinzolamide,Brinzolamide
Maraviroc,Maraviroc
Paritaprevir,Paritaprevir
Niclosamide,Niclosamide
Fenofibrate,Fenofibrate
Doconexent,Doconexent
Digitoxin,Digitoxin
Dutasteride,Dutasteride
Lesinurad,Lesinurad
Clofazimine,Clofazimine
Dronabinol,Dronabinol
Calcitriol,Calcitriol
Sulfamoxole,Sulfamoxole
Ambroxol,Ambroxol
Permethrin,Permethrin
Netupitant,Netupitant
Sibutramine,Sibutramine
Finasteride,Finasteride
Imidafenacin,Imidafenacin
Reboxetine,Reboxetine
Clindamycin,Clindamycin
Lomitapide,Lomitapide
Methenamine,Methenamine
Ivacaftor,Ivacaftor
Lacosamide,Lacosamide
Gemfibrozil,Gemfibrozil
Fexofenadine,Fexofenadine
Amrinone,Amrinone
Pinaverium,Pinaverium
Benidipine,Benidipine
Azelnidipine,Azelnidipine
Eperisone,Eperisone
Deslanoside,Deslanoside
Acetyldigitoxin,Acetyldigitoxin
Doxofylline,Doxofylline
Lincomycin,Lincomycin
Solifenacin,Solifenacin
Vecuronium,Vecuronium
Pipecuronium,Pipecuronium
Pancuronium,Pancuronium
Gallamine triethiodide,Gallamine triethiodide
Tubocurarine,Tubocurarine
Pasireotide,Pasireotide
Mirabegron,Mirabegron
Mefloquine,Mefloquine
Galantamine,Galantamine
Decamethonium,Decamethonium
Ascorbic acid,Ascorbic acid
Cisatracurium,Cisatracurium
Pyrantel,Pyrantel
Rocuronium,Rocuronium
Doxacurium,Doxacurium
Metocurine,Metocurine
Etofibrate,Etofibrate
Fenofibric acid,Fenofibric acid
Somatostatin,Somatostatin
Orlistat,Orlistat
Sevelamer,Sevelamer
Vitamin E,Vitamin E
Delavirdine,Delavirdine
Nelfinavir,Nelfinavir
Atomoxetine,Atomoxetine
Chloramphenicol,Chloramphenicol
Methsuximide,Methsuximide
Fingolimod,Fingolimod
Glucosamine,Glucosamine
Methylphenidate,Methylphenidate
Dalfampridine,Dalfampridine
Capsaicin,Capsaicin
Ethanolamine oleate,Ethanolamine oleate
Bismuth subsalicylate,Bismuth subsalicylate
Mipomersen,Mipomersen
Rivastigmine,Rivastigmine
Tasimelteon,Tasimelteon
Pranlukast,Pranlukast
Pizotifen,Pizotifen
Doxylamine,Doxylamine
Scopolamine,Scopolamine
Desloratadine,Desloratadine
Gabapentin enacarbil,Gabapentin enacarbil
Dimenhydrinate,Dimenhydrinate
Vigabatrin,Vigabatrin
Clidinium,Clidinium
Levocabastine,Levocabastine
Difenoxin,Difenoxin
Cyclizine,Cyclizine
Hydroxyzine,Hydroxyzine
Metaxalone,Metaxalone
Ethotoin,Ethotoin
Levetiracetam,Levetiracetam
Meclizine,Meclizine
Sodium oxybate,Sodium oxybate
Oxymetazoline,Oxymetazoline
Isoxsuprine,Isoxsuprine
Nylidrin,Nylidrin
Phenmetrazine,Phenmetrazine
Metaraminol,Metaraminol
Methoxamine,Methoxamine
Ephedrine,Ephedrine
Tetryzoline,Tetryzoline
Ethynodiol diacetate,Ethynodiol diacetate
Desogestrel,Desogestrel
Gestodene,Gestodene
Norelgestromin,Norelgestromin
Norgestimate,Norgestimate
Minocycline,Minocycline
Tenofovir disoproxil,Tenofovir disoproxil
Ambenonium,Ambenonium
Echothiophate,Echothiophate
Physostigmine,Physostigmine
Pyridostigmine,Pyridostigmine
Neostigmine,Neostigmine
Demecarium,Demecarium
Niacin,Niacin
Isavuconazole,Isavuconazole
Fidaxomicin,Fidaxomicin
Nicotinamide,Nicotinamide
Atovaquone,Atovaquone
Amyl Nitrite,Amyl Nitrite
Erythrityl tetranitrate,Erythrityl tetranitrate
Sapropterin,Sapropterin
Naphazoline,Naphazoline
Hexoprenaline,Hexoprenaline
Fusidic acid,Fusidic acid
Fluciclovine (18F),Fluciclovine (18F)
Technetium Tc-99m sestamibi,Technetium Tc-99m sestamibi
Fluconazole,Fluconazole
Histrelin,Histrelin
Clemastine,Clemastine
Aclidinium,Aclidinium
Pirenzepine,Pirenzepine
Anisotropine methylbromide,Anisotropine methylbromide
Procyclidine,Procyclidine
Propantheline,Propantheline
Oxyphenonium,Oxyphenonium
Hyoscyamine,Hyoscyamine
Trihexyphenidyl,Trihexyphenidyl
Tropicamide,Tropicamide
Dicyclomine,Dicyclomine
Profenamine,Profenamine
Biperiden,Biperiden
Cyclopentolate,Cyclopentolate
Trospium,Trospium
Atropine,Atropine
Zucapsaicin,Zucapsaicin
Hydroxychloroquine,Hydroxychloroquine
Pyrimethamine,Pyrimethamine
Sulfanilamide,Sulfanilamide
Glycerol phenylbutyrate,Glycerol phenylbutyrate
Oxymetholone,Oxymetholone
Dimethyl sulfoxide,Dimethyl sulfoxide
Mepyramine,Mepyramine
Tripelennamine,Tripelennamine
Methylnaltrexone,Methylnaltrexone
Oxamniquine,Oxamniquine
Diacerein,Diacerein
Stepronin,Stepronin
Dimethyl fumarate,Dimethyl fumarate
Phenylalanine,Phenylalanine
Benznidazole,Benznidazole
Doxycycline,Doxycycline
Chlortetracycline,Chlortetracycline
Triethylenetetramine,Triethylenetetramine
Lipoic acid,Lipoic acid
Metixene,Metixene
Propiverine,Propiverine
Butylscopolamine,Butylscopolamine
Methscopolamine,Methscopolamine
Methscopolamine bromide,Methscopolamine bromide
Naltrexone,Naltrexone
Flumazenil,Flumazenil
Camazepam,Camazepam
Delorazepam,Delorazepam
Propylthiouracil,Propylthiouracil
Fosaprepitant,Fosaprepitant
Oritavancin,Oritavancin
Azatadine,Azatadine
Hydrocortamate,Hydrocortamate
Chlorphenesin,Chlorphenesin
Betahistine,Betahistine
Testosterone propionate,Testosterone propionate
Doxapram,Doxapram
Sulfadoxine,Sulfadoxine
Sulfametopyrazine,Sulfametopyrazine
Artesunate,Artesunate
Diclofenamide,Diclofenamide
Papaverine,Papaverine
Pimavanserin,Pimavanserin
Blonanserin,Blonanserin
Tryptophan,Tryptophan
Luliconazole,Luliconazole
Acetazolamide,Acetazolamide
Topiroxostat,Topiroxostat
Tofisopam,Tofisopam
Dalfopristin,Dalfopristin
Rolitetracycline,Rolitetracycline
Josamycin,Josamycin
Quinupristin,Quinupristin
Colistimethate,Colistimethate
Levomefolic acid,Levomefolic acid
Danazol,Danazol
Raltegravir,Raltegravir
Levoleucovorin,Levoleucovorin
Leucovorin,Leucovorin
Gimeracil,Gimeracil
Nomegestrol,Nomegestrol
Gestrinone,Gestrinone
Dydrogesterone,Dydrogesterone
Gramicidin D,Gramicidin D
Palmitic Acid,Palmitic Acid
Glycerin,Glycerin
Aminocaproic acid,Aminocaproic acid
Phylloquinone,Phylloquinone
Sugammadex,Sugammadex
Lobeglitazone,Lobeglitazone
Pyridoxine,Pyridoxine
Ribavirin,Ribavirin
Sulfacytine,Sulfacytine
Sulfamerazine,Sulfamerazine
Sulfamethazine,Sulfamethazine
Sulfacetamide,Sulfacetamide
Benzthiazide,Benzthiazide
Sulfathiazole,Sulfathiazole
Sulfapyridine,Sulfapyridine
Sulfamethizole,Sulfamethizole
Mafenide,Mafenide
Sulfadimethoxine,Sulfadimethoxine
Silver sulfadiazine,Silver sulfadiazine
Pipazethate,Pipazethate
Ammonium chloride,Ammonium chloride
Quinagolide,Quinagolide
Methionine,Methionine
Selenium,Selenium
Isometheptene,Isometheptene
Phenazopyridine,Phenazopyridine
Deferoxamine,Deferoxamine
Trimethobenzamide,Trimethobenzamide
Miglustat,Miglustat
Voglibose,Voglibose
Mitiglinide,Mitiglinide
Benzoyl peroxide,Benzoyl peroxide
Polaprezinc,Polaprezinc
Piracetam,Piracetam
Ethambutol,Ethambutol
Polymyxin B,Polymyxin B
Bacitracin,Bacitracin
Ethionamide,Ethionamide
Lymecycline,Lymecycline
Cefepime,Cefepime
Aztreonam,Aztreonam
Ozenoxacin,Ozenoxacin
Metacycline,Metacycline
Viomycin,Viomycin
Clavulanic acid,Clavulanic acid
Fusafungine,Fusafungine
Dirithromycin,Dirithromycin
Novobiocin,Novobiocin
Ceftibuten,Ceftibuten
Colistin,Colistin
Thiosulfuric acid,Thiosulfuric acid
Mupirocin,Mupirocin
Cefpiramide,Cefpiramide
Cefprozil,Cefprozil
Daptomycin,Daptomycin
Enviomycin,Enviomycin
Oxytetracycline,Oxytetracycline
Capreomycin,Capreomycin
Latamoxef,Latamoxef
Cefditoren,Cefditoren
Cycloserine,Cycloserine
Tigecycline,Tigecycline
Cefdinir,Cefdinir
Fosfomycin,Fosfomycin
Finafloxacin,Finafloxacin
Glutamic acid,Glutamic acid
Febuxostat,Febuxostat
Lasofoxifene,Lasofoxifene
Bazedoxifene,Bazedoxifene
Sodium chloride,Sodium chloride
Alvimopan,Alvimopan
Naldemedine,Naldemedine
Levallorphan,Levallorphan
Magnesium cation,Magnesium cation
Zinc oxide,Zinc oxide
Potassium alum,Potassium alum
Thiamine,Thiamine
Zinc sulfate,Zinc sulfate
Aluminum sulfate,Aluminum sulfate
Aluminum oxide,Aluminum oxide
Chromium,Chromium
Bromopride,Bromopride
Tropisetron,Tropisetron
Misoprostol,Misoprostol
Carbidopa,Carbidopa
Ioversol,Ioversol
Ioxilan,Ioxilan
Iodipamide,Iodipamide
Iohexol,Iohexol
Iodixanol,Iodixanol
Diatrizoate,Diatrizoate
Iopromide,Iopromide
Iopamidol,Iopamidol
Copper,Copper
Potassium citrate,Potassium citrate
Sodium citrate,Sodium citrate
Sodium glycerophosphate,Sodium glycerophosphate
Dipotassium phosphate,Dipotassium phosphate
Nafarelin,Nafarelin
Clomocycline,Clomocycline
Lodoxamide,Lodoxamide
Thonzylamine,Thonzylamine
Alcaftadine,Alcaftadine
Acrivastine,Acrivastine
Dimetotiazine,Dimetotiazine
Buclizine,Buclizine
Isothipendyl,Isothipendyl
Pheniramine,Pheniramine
Ketotifen,Ketotifen
Chloropyramine,Chloropyramine
Pemirolast,Pemirolast
Antazoline,Antazoline
Emedastine,Emedastine
Dimetindene,Dimetindene
Phenindamine,Phenindamine
Potassium Iodide,Potassium Iodide
Abacavir,Abacavir
Emtricitabine,Emtricitabine
Entecavir,Entecavir
L-Glutamine,L-Glutamine
Desmopressin,Desmopressin
Dinoprost tromethamine,Dinoprost tromethamine
Lubiprostone,Lubiprostone
Latanoprostene bunod,Latanoprostene bunod
Tafluprost,Tafluprost
Gemeprost,Gemeprost
Crisaborole,Crisaborole
Picosulfuric acid,Picosulfuric acid
Cannabidiol,Cannabidiol
Tetracosactide,Tetracosactide
Adenosine,Adenosine
Deoxycholic acid,Deoxycholic acid
Pholcodine,Pholcodine
Carbocisteine,Carbocisteine
Fluoxymesterone,Fluoxymesterone
Stanozolol,Stanozolol
Nandrolone decanoate,Nandrolone decanoate
Oxandrolone,Oxandrolone
Dotatate gallium Ga-68,Dotatate gallium Ga-68
Corticorelin ovine triflutate,Corticorelin ovine triflutate
Bethanechol,Bethanechol
Methacholine,Methacholine
Ursodeoxycholic acid,Ursodeoxycholic acid
Choline C 11,Choline C 11
Cyanocobalamin,Cyanocobalamin
Valaciclovir,Valaciclovir
Progabide,Progabide
Viloxazine,Viloxazine
Dimetacrine,Dimetacrine
Oxitriptan,Oxitriptan
Levocarnitine,Levocarnitine
Lixisenatide,Lixisenatide
Lucanthone,Lucanthone
Pyrvinium,Pyrvinium
Chloroxylenol,Chloroxylenol
Diethylcarbamazine,Diethylcarbamazine
Flubendazole,Flubendazole
Sodium stibogluconate,Sodium stibogluconate
Hexylresorcinol,Hexylresorcinol
Deferiprone,Deferiprone
Alfacalcidol,Alfacalcidol
Canrenoic acid,Canrenoic acid
Mersalyl,Mersalyl
Potassium cation,Potassium cation
Sodium aurothiomalate,Sodium aurothiomalate
Probucol,Probucol
Dimercaprol,Dimercaprol
Ramosetron,Ramosetron
Potassium chloride,Potassium chloride
Acipimox,Acipimox
Iodide I-131,Iodide I-131
Cysteamine,Cysteamine
Lactic acid,Lactic acid
Obeticholic acid,Obeticholic acid
Phensuximide,Phensuximide
Oseltamivir,Oseltamivir
Bisacodyl,Bisacodyl
Nonoxynol-9,Nonoxynol-9
Regadenoson,Regadenoson
Phenacemide,Phenacemide
Phendimetrazine,Phendimetrazine
Acetohydroxamic acid,Acetohydroxamic acid
Trimetazidine,Trimetazidine
Benzoctamine,Benzoctamine
Captodiame,Captodiame
Cloxazolam,Cloxazolam
Lactulose,Lactulose
